EDR144783,galea
EDR144783,gladiatoria
EDR144783,cum
EDR144783,crista
EDR145384,gladiator
EDR145384,gladio
EDR145384,et
EDR145384,scuto
EDR145384,longo
EDR145384,armatus
EDR145943,scaena
EDR145943,erotica
EDR156776,vir
EDR156776,baculo
EDR156776,nixus
EDR158823,phallus
EDR159880,caput
EDR159880,viri
EDR159880,galeati
EDR163853,phallus
EDR143900,gladiator
EDR143900,murmillo
EDR143900,galea
EDR143900,et
EDR143900,scuto
EDR143900,armatus
EDR145008,cervus
EDR145008,a
EDR145008,viro
EDR145008,laqueo
EDR145008,captus
EDR145008,et
EDR145008,a
EDR145008,cane
EDR145008,assultatus
EDR159869,navis
EDR159869,oneraria
EDR143815,galea
EDR143815,gladiatoria
EDR143815,cum
EDR143815,crista
EDR143815,ad
EDR143815,dext
EDR145771,figura
EDR145771,hominis
EDR145296,vir
EDR145296,ad
EDR145296,sin
EDR145296,prospiciens
EDR143634,galea
EDR143634,gladiatoria
EDR143634,cum
EDR143634,crista
EDR143634,ad
EDR143634,sin
EDR143832,galea
EDR143832,gladiatoria
EDR143832,cum
EDR143832,crista
EDR143832,ad
EDR143832,dext
EDR143833,galea
EDR143833,gladiatoria
EDR145004,cervus
EDR145004,a
EDR145004,cane
EDR145004,assultatus
EDR145005,cervus
EDR145005,a
EDR145005,cane
EDR145005,assultatus
EDR145006,cervus
EDR145006,a
EDR145006,cane
EDR145006,assultatus
EDR145009,vir
EDR145009,cervum
EDR145009,equitans
EDR145768,animal
EDR144350,basis
EDR144350,columnae
EDR144352,basis
EDR144352,columnae
EDR144353,basis
EDR144353,columnae
EDR158824,phallus
EDR145032,gallus
EDR145032,cum
EDR145032,crista
EDR145032,alisque
EDR145030,gryllus
EDR145030,feminae
EDR145030,cum
EDR145030,cornibus
EDR145030,unguibus
EDR145030,dentibus
EDR145030,et
EDR145030,alis
EDR145030,falcem
EDR145030,aut
EDR145030,baculum
EDR145030,tenentis
EDR145036,navis
EDR145037,carina
EDR145037,navis
EDR145935,cervus
EDR145935,stans
EDR144348,basis
EDR144348,columnae
EDR145764,cervus
EDR145765,cervus
EDR145767,animal
EDR145007,cervus
EDR145007,a
EDR145007,viro
EDR145007,laqueo
EDR145007,captus
EDR144514,camelus
EDR144514,dromedarius
EDR144514,cum
EDR144514,cauda
EDR144514,lodicem
EDR144514,gerens
EDR144514,ad
EDR144514,dext
EDR144514,incedens
EDR159866,caput
EDR159866,viri
EDR159866,barbati
EDR159868,duae
EDR159868,lanternae
EDR143636,caput
EDR143636,acutum
EDR143636,cum
EDR143636,nasone
EDR143636,longo
EDR143636,et
EDR143636,corona
EDR143636,gryllus?
EDR144356,sex
EDR144356,circuli
EDR144356,quorum
EDR144356,duo
EDR144356,simplices
EDR144356,et
EDR144356,quattuor
EDR144356,duplices
EDR144356,sunt
EDR147158,galea
EDR147158,gladiatoria
EDR144349,basis
EDR144349,columnae
EDR144784,galea
EDR144784,gladiatoria
EDR144784,cum
EDR144784,crista
EDR156782,caput
EDR156782,gladiatoris
EDR156782,ad
EDR156782,sin
EDR156782,versum
EDR156782,et
EDR156782,galea
EDR156782,armatum
EDR159867,facies
EDR147607,herma
EDR147607,viri
EDR147607,cum
EDR147607,palma
EDR144347,basis
EDR144347,columnae
EDR144347,cum
EDR144347,parte
EDR144347,columnae
EDR144347,ornamentae
EDR144347,et
EDR144347,fortasse
EDR144347,scalae
EDR144659,galea
EDR144659,gladiatoria
EDR143814,galea
EDR143814,gladiatoria
EDR143814,cum
EDR143814,crista
EDR143814,ad
EDR143814,dext
EDR145766,cervus
EDR154541,phallus
EDR140061,phallus
EDR145941,viri
EDR145941,caput
EDR144354,nomina
EDR144354,FAVSTVS
EDR144354,et
EDR144354,NOTHVS
EDR144354,scripta
EDR144354,in
EDR144354,forma
EDR144354,trium
EDR144354,navium
EDR144354,NOTHVS
EDR144354,bis
EDR151865,tres
EDR151865,lineae
EDR151865,aequae
EDR153742,nomen
EDR153742,SILENTIOLUS
EDR153742,in
EDR153742,forma
EDR153742,navis
EDR153742,scriptum
EDR153743,nomen
EDR153743,SILENTIOLUS
EDR153743,in
EDR153743,forma
EDR153743,navis
EDR153743,scriptum
EDR151874,circulus
EDR151874,duplex
EDR140239,nomen
EDR140239,CAIUS
EDR140239,IUNIUS
EDR140239,in
EDR140239,forma
EDR140239,navis
EDR140239,scriptum
EDR145942,herma
EDR145942,viri
EDR140054,FELICITER
EDR140054,in
EDR140054,forma
EDR140054,navis
EDR140054,scriptum
EDR140144,phallus
EDR140190,gladiatores
EDR140190,inter
EDR140190,se
EDR140190,dimicantes
