EDR151731,Apriculus
EDR128543,pondo
EDR128543,Alica
EDR128581,Assibus
EDR145436,calos
EDR148789,hoc
EDR148789,Anteros
EDR149247,Iulium
EDR145432,Ikarus
EDR149344,Vesbinus
EDR148677,Kalendas
EDR147141,Victor
EDR149404,Reus
EDR124983,Nicopolis
EDR128560,Felix
EDR128560,Daphnus
EDR151891,Iusto
EDR168154,l
EDR173488,rogo
EDR173488,Restituta
EDR166616,vale
EDR166616,Russa
EDR151912,Διόφαντοϲ
EDR151912,Ἄδωνιϲ
EDR151912,Ἀρτεμῆϲ
EDR151912,Ἡλιόδωροϲ
EDR151912,Βαύδανοϲ
EDR151912,Διογένηϲ
EDR151912,Ἀπολλόδωροϲ
EDR151912,Ἀπολλώνιοϲ
EDR151912,ΔΙΟ
EDR168647,quis
EDR168647,Nero
EDR149334,μαιορεϲ
EDR149334,Καλῶϲ
EDR149111,non
EDR167546,πυγίζει
EDR167546,Λυκρίων
EDR175754,κλεῖϲ
EDR175754,ἡ
EDR175754,ἄρκλαϲ
EDR175754,τῆϲ
EDR175754,ἡ
EDR168168,l
EDR180208,Mentula
EDR128557,fellat
EDR128557,Mula
EDR128557,Fortunata
EDR128557,Antoni
EDR128557,assibus
EDR128557,aeris
EDR175198,Μ
EDR175198,θεοδομητε
EDR175198,αἰθέριαι
EDR175198,ΑΠΑΤΡΑ
EDR175198,πτέρυγεϲ
EDR163606,Rusticus
EDR167537,et
EDR167537,Ceio
EDR167537,pupa
EDR167537,multis
EDR072296,Proculum
EDR072296,cunctorum
EDR072296,Hoc
EDR072296,turba probavit
EDR072296,ingenuus
EDR072296,pudor
EDR072296,et
EDR072296,postulat
EDR149405,feliciter
EDR149405,Pompeianis
EDR149405,Faustinum
EDR149405,feliciter
EDR149405,viginti
EDR175590,καλός
EDR175590,Sabine
EDR175590,te
EDR175590,Hermeros
EDR175590,amat
EDR175590,calos
EDR175590,Sabine
EDR124995,Quartilla
EDR175965,Primigenius
EDR175144,Castor
EDR128116,Chloe
EDR163600,cum
EDR151809,Valerius
EDR127411,vitae
EDR127411,Anus
EDR127411,scio
EDR127411,meminit
EDR127411,mortis
EDR127411,Aquiti
EDR128553,t
EDR128642,Lucius
EDR167898,Viriotal
EDR167898,Valerius
EDR167898,Amonius
EDR167898,Servilius
EDR167898,Marcus
EDR167898,Sequanus
EDR167898,Sedulatus
EDR167898,Viriod
EDR167898,Sextius
EDR167898,Viriotal
EDR167898,Valerius
EDR167898,Valerius
EDR146086,bene
EDR146086,Sollemnes
EDR145431,bene
EDR145431,Felix
EDR145437,Castrensis
EDR145437,calos
EDR148379,vale
EDR148379,Quartio
EDR148515,ἐνθάδε
EDR148515,Μουσαῖος
EDR148515,βινεῖ
EDR128753,in
EDR128753,quisquis
EDR128753,cathedra
EDR148820,Magnus
EDR148820,Aelius
EDR148820,suae
EDR148820,Plotillae
EDR148820,domina
EDR148820,rogo
EDR149160,modo
EDR149160,qui
EDR148831,sunt
EDR148831,Quota
EDR148831,dua
EDR148831,capita
EDR148831,quadrua
EDR148831,sella
EDR148831,dina
EDR148831,equales
EDR148831,vix
EDR124986,Anthis
EDR168487,Fortunate
EDR151072,Marci
EDR149105,vera
EDR149251,non
EDR149251,pateris
EDR149251,nos
EDR149251,et
EDR149251,futuere
EDR150507,Lucrio
EDR150507,Sarnensis
EDR150494,Fortunata
EDR167835,Faustus
EDR148671,assibus
EDR148671,Acetabula
EDR148671,semis
EDR148671,acetabula
EDR149345,fututor
EDR149345,Epagathus
EDR163702,Felicula
EDR163702,verna
EDR163702,assibus
EDR128651,Nonas
EDR128651,paenulam
EDR128651,Iulias
EDR128651,posita
EDR128651,palliolum
EDR128651,Faustillam
EDR128651,ad
EDR128651,deduxit
EDR128651,usura
EDR128651,aeris
EDR128651,asses
EDR128615,Aulus
EDR128615,assibus
EDR128615,Fabio
EDR168483,Burrenio
EDR168483,Sexto
EDR073610,Fulgur conditum
EDR151783,Caius
EDR151797,ψωλή
EDR151797,Antus
EDR163703,bellis
EDR163703,Menander
EDR163703,aeris
EDR163703,moribus
EDR163703,assibus
EDR127429,Ἥσυχος
EDR128778,Panem
EDR128779,Eleusinae
EDR128779,Matris
EDR128556,emis
EDR127081,Romulus
EDR127081,Cuproniusepol
EDR127081,caelo
EDR127081,in
EDR127081,equitat
EDR127081,Martis
EDR167581,ΜΕΖΗΘΙΚΛΛΙ
EDR124984,Nicopolis
EDR128059,Pacatus
EDR128059,Voconius
EDR128059,vexillum
EDR128062,hic
EDR128062,Urbanus
EDR128062,lusit
EDR128062,Idus
EDR128062,decembres
EDR127299,Icare
EDR127423,Chloe
EDR168515,Pyrrichus
EDR168515,est
EDR168515,nec
EDR127185,Caius
EDR175600,Mulviu
EDR127186,Communis
EDR127186,Albanius
EDR127186,Aurelius
EDR127815,Propesi
EDR127815,Publi
EDR127815,Verpa
EDR127815,cuntus
EDR127815,quae
EDR127815,leges
EDR127815,istuc
EDR127815,es
EDR127815,Non
EDR127815,scriptor
EDR127815,fidenter
EDR127822,Manio
EDR128097,ubique
EDR128097,Militibus
EDR146190,habenda
EDR146190,Beronice
EDR151688,fortunati
EDR151688,Vos
EDR180344,annis
EDR180344,Gnome
EDR127398,Numerus
EDR127398,Iulius
EDR127398,Decimus
EDR127398,Thraso
EDR127398,loco
EDR127398,Sacenio
EDR127398,Publius
EDR127398,habeo
EDR127398,Trifolio
EDR127398,Flavi
EDR127398,Cai
EDR127398,Cai
EDR127398,librari
EDR127398,librari
EDR127398,Flavi
EDR127398,Titi
EDR127398,domus
EDR127398,Lolli
EDR127398,emptus
EDR127398,ager
EDR128049,Leon
EDR128049,Leon
EDR128049,Leon
EDR167324,Mopsus
EDR167403,signum
EDR167403,Publius
EDR071917,Pompeianis
EDR071917,Augustis
EDR175870,Μελίβοιοϲ
EDR175928,Lucius
EDR161822,Praefecto
EDR168641,cum
EDR168641,Staphilus
EDR167947,Cornelius
EDR167947,Publius
EDR167947,Faventinus
EDR148526,Asbestus
EDR127399,hic
EDR127399,felices
EDR127399,sumus
EDR127399,valeamus
EDR168362,Cossini
EDR168362,Anthus
EDR071918,quaesita
EDR071918,Haec fuerat
EDR071918,innoxia famae
EDR071918,dies
EDR071918,sem
EDR167733,cum
EDR167733,Pittacius
EDR167733,hic
EDR167733,Primigenia
EDR167733,sequere
EDR167733,Prima
EDR170827,Narcissus
EDR170827,Narcissus
EDR170827,hac
EDR170827,sitiens
EDR170827,Narcissus
EDR170827,sitiens
EDR167887,Asses
EDR167887,Verus
EDR167887,Semis
EDR167887,Verus
EDR167887,Asses
EDR167889,Verus
EDR167889,Livius
EDR149056,Euantillus
EDR149056,Crescens
EDR149056,Paris
EDR167951,Mus
EDR149304,Amandus
EDR127848,Feliciter
EDR146187,hic
EDR146187,Hermeros
EDR128661,assem
EDR128661,Atilius
EDR128661,Atilius
EDR128661,assem
EDR128661,assem
EDR128661,Atilius
EDR127827,Phryges
EDR127827,nec
EDR127827,Quid
EDR127827,extabant
EDR127827,apex
EDR127827,agit
EDR127827,dexter
EDR127231,Caius
EDR127231,Inops
EDR149062,Spuri
EDR149062,Celerina
EDR149062,filia
EDR149205,conveniunt
EDR149205,huc
EDR149205,Fortunatus
EDR149205,Primus
EDR127428,vale
EDR127428,Eo
EDR149250,cineδu
EDR149250,Phoebus
EDR127145,Iucundus
EDR127242,Lucidae
EDR127242,Lucilius
EDR127242,ubique
EDR127242,suae
EDR148521,bene
EDR148521,December
EDR159691,prius
EDR159691,Nec
EDR159691,quam
EDR159691,absistit
EDR159691,ingentia
EDR159691,septem
EDR159691,corpora
EDR159691,victor
EDR159691,fundat
EDR167972,Siculus
EDR167972,Publius
EDR168021,mille
EDR168021,Voltini
EDR168043,meis
EDR168043,Arma
EDR168043,adsueta
EDR168043,tibi
EDR168043,umeris
EDR168043,ponam
EDR168043,debita
EDR168043,mea
EDR168043,si
EDR168043,prospera
EDR168043,confirmas
EDR168043,Venus
EDR168043,vota
EDR168043,Syntrophus
EDR168024,Lucidae
EDR168024,Lucilius
EDR168024,ubique
EDR079495,Theophilus
EDR079495,cunnum
EDR079495,canis
EDR079495,noli
EDR079495,lingere
EDR079495,in
EDR079495,puellis
EDR163405,ego
EDR163405,Hic
EDR163405,f
EDR163405,bis
EDR163405,futui
EDR163405,u
EDR163405,formae
EDR149212,Quintum
EDR163882,Quartilla
EDR163882,Fuficia
EDR163882,co
EDR168481,Kalendas
EDR168481,Felix
EDR163893,Rru
EDR163899,Mimus
EDR163899,βινεῖς
EDR151790,Lucii
EDR151790,Κέλϲα
EDR151790,liberta
EDR151052,Nice
EDR174883,feliciter
EDR174883,Regulo
EDR174883,verpa
EDR174883,quia
EDR174883,est
EDR174883,Reg
EDR175216,habenam
EDR175216,silig
EDR175216,coliculum
EDR175216,betam
EDR175216,mentam
EDR175237,Dominae
EDR175237,I̅I̅I̅
EDR175237,V̅V̅
EDR175237,V̅
EDR175237,Domino
EDR175237,IIIsemis
EDR175237,Severo
EDR175237,Domino
EDR151051,sed
EDR151051,irrumo
EDR175757,Euplus
EDR175884,feliciter
EDR175884,Iusto
EDR175884,et
EDR175884,et
EDR175884,Kalendas
EDR175884,Decembris
EDR175884,filio
EDR175884,εAVG
EDR150009,καλὸς
EDR150009,Συνέρως
EDR175933,Idibus
EDR175933,axungiam
EDR175933,Iulias
EDR175933,pondo
EDR175933,alium
EDR175933,manipulos
EDR161742,vale
EDR161742,Propero
EDR161742,Sava
EDR161742,mea
EDR161742,me
EDR161742,fac
EDR167424,Ceacli
EDR167424,Sex
EDR167424,Valer
EDR167424,Secun
EDR167424,Amon
EDR167424,Sitio
EDR167424,Scava
EDR167424,Sedulatus
EDR167424,Hispanus
EDR167424,Iutto
EDR167186,curatores
EDR167186,et
EDR167186,Nuelas
EDR167186,ne
EDR167186,Barnaee
EDR167186,essetis
EDR167186,vos
EDR167186,viri
EDR167186,boni
EDR167186,si
EDR167186,commeatum
EDR167186,tempus
EDR167186,ad
EDR167186,nam
EDR167186,daretis
EDR167186,negatis
EDR167186,semper
EDR167186,tibi
EDR167186,Pan
EDR167186,et
EDR167186,nunc
EDR167186,num
EDR168005,diem
EDR168005,Ante
EDR168005,Kalendas
EDR168005,praebuit
EDR168005,Novembres
EDR168005,Petilius
EDR168005,Surus
EDR168005,Marco
EDR168005,ornamenta
EDR168005,Siloni
EDR168005,Fausto
EDR168005,causa
EDR168005,honoris
EDR168005,Suri
EDR167552,Ἔρως
EDR149287,Issa
EDR149287,Vale
EDR167715,diem
EDR167715,ante
EDR167715,Kalendas
EDR167788,diem
EDR167788,ante
EDR167788,Kalendas
EDR167788,Decembres
EDR167788,assibus
EDR167788,Epaphra
EDR167788,Auctus
EDR167788,Acutus
EDR167788,locum
EDR167788,ad
EDR167788,duxerunt
EDR167788,Tychen
EDR167788,mulierum
EDR167788,in
EDR167788,pretium
EDR167788,asses
EDR167788,singulos
EDR167788,Messalla
EDR167788,Marco
EDR167788,Lentulo
EDR167788,Lucio
EDR151786,homines
EDR151786,Felices
EDR151786,valete
EDR168152,l
EDR151696,Iuniae
EDR151859,Caius
EDR175925,Liberalis
EDR168479,Hic
EDR149331,Postumi
EDR149331,Procule
EDR159412,huc
EDR159412,Venimus
EDR159412,scribit
EDR159412,cupidi
EDR159412,Cornelius
EDR128285,Auli
EDR158841,admiror
EDR158841,Ad
EDR158841,te
EDR158841,paries
EDR158841,cecidisse
EDR158841,non
EDR158841,ruina
EDR160228,mihi
EDR160228,Dic
EDR127080,Titinius
EDR127080,Marcus
EDR127080,cinaedus
EDR151830,scito
EDR151830,Ex
EDR151830,primus
EDR151830,ordinis
EDR151830,VIΛIANIO
EDR167619,Valentinae
EDR167619,Apsyrtus
EDR168149,l
EDR168179,l
EDR149213,Firmus
EDR167574,assibus
EDR167574,Semis
EDR167574,lardi
EDR167574,assibus
EDR167574,asse
EDR167574,Vinum
EDR167574,Casium
EDR167574,Semis
EDR167574,Semis
EDR167574,asse
EDR167574,asse
EDR167574,Oleum
EDR167574,Panem
EDR167574,assibus
EDR167574,Semis
EDR167574,assibus
EDR151059,he
EDR151059,he
EDR148676,Marcum
EDR127420,Vervicius
EDR127420,socius
EDR127979,Acanthus
EDR127979,Mille
EDR127982,Bruttidi
EDR127982,Marci
EDR175862,linge
EDR175862,Fortunate
EDR175862,culum
EDR148517,cum
EDR148517,Felix
EDR127977,Sumptus
EDR127298,Postumi
EDR127298,Auli
EDR128061,Anchario
EDR127426,Eleusinae
EDR127426,Matris
EDR147857,Psyche
EDR127405,mihi
EDR127405,Qui
EDR127405,dederit
EDR127405,docendi
EDR127405,habeat
EDR127405,mercedem
EDR127405,petit
EDR127405,quod
EDR127405,a
EDR127809,Primus
EDR127809,ave
EDR163397,Felix
EDR163397,Ɔ
EDR148654,Iuli
EDR148654,Auctus
EDR128776,vale
EDR128776,Valeri
EDR127820,Aristo
EDR127821,puer
EDR127821,Eucapa
EDR127234,Atilius
EDR127234,Marcus
EDR127234,stationem
EDR127234,hic
EDR127155,Atilio
EDR127155,Auctilius
EDR127155,Casellio
EDR127155,salutem
EDR127414,Lucius
EDR127414,Lollius
EDR127368,Chloe
EDR128770,Caius
EDR167630,Stratus
EDR167630,Quartio
EDR167630,Licinius
EDR167630,Marcus
EDR127396,cave
EDR127396,Mus
EDR128064,Lucius
EDR127147,Eros
EDR128052,Caecilius
EDR128052,Quintus
EDR128052,Caecilius
EDR128052,Quintus
EDR128052,Lucius
EDR149196,et
EDR149196,Sacaba
EDR149196,Caramilus
EDR128050,hic
EDR128050,habitamus
EDR128050,nos
EDR128050,felices
EDR128050,dii
EDR146087,bene
EDR146087,Vitalio
EDR167649,Rufus
EDR167649,Nonio
EDR151037,Cassacos
EDR151037,Myrtale
EDR167404,Δεργιαχαι
EDR149112,Nais
EDR175859,Bacchis
EDR175859,domina
EDR128757,Paeoniam
EDR128757,Pompeianis
EDR124967,Quartilla
EDR124981,Anthis
EDR124982,Anthis
EDR128017,Asellam
EDR167678,Sentius
EDR127828,Numina
EDR124991,Plataco
EDR167684,Paris
EDR167684,Paris
EDR167684,Paris
EDR167684,vale
EDR167684,Paris
EDR151709,tuis
EDR151709,Phosphorus
EDR151709,choreis
EDR167976,Ɔ
EDR160168,pudor
EDR160168,Si
EDR145434,Chreste
EDR145434,Nica
EDR145434,ipsime
EDR167690,Sabidia
EDR151820,Polycarpus
EDR151730,hic
EDR151730,renibus
EDR167695,Aulus
EDR167696,Iucundus
EDR167696,male
EDR168031,Quacumque
EDR146890,Ianuariae
EDR168037,Beliatus
EDR168038,Kalendas
EDR159410,huc
EDR159410,Venimus
EDR159410,multo
EDR159410,cupidi
EDR159410,ire
EDR159410,magis
EDR167701,Statius
EDR167701,Lucius
EDR167701,Quintus
EDR167701,Modestus
EDR167946,Lucius
EDR143648,quid
EDR143648,me
EDR143648,vi
EDR143648,oculi
EDR143648,postquam
EDR143648,deduxistis
EDR143648,ignem
EDR143648,in
EDR143648,ob
EDR143648,non
EDR143648,vestris
EDR143648,vim
EDR143648,geneis
EDR143648,largificatis
EDR143648,non
EDR143648,porro
EDR143648,lacrumae
EDR143648,possunt
EDR143648,flammam
EDR143648,restinguere
EDR143648,os
EDR143648,haec
EDR143648,tabificantque
EDR143648,incendunt
EDR143648,animum
EDR143648,ἐποίησε
EDR143648,Tiburtinus
EDR168045,Cuius
EDR168045,Bonum
EDR168045,Virum
EDR168045,oro
EDR168045,vos
EDR168045,faciatis
EDR144786,si
EDR144786,amor
EDR144786,quid
EDR144786,novisti
EDR144786,valeat
EDR144786,si
EDR144786,hominem
EDR144786,te
EDR144786,commiseresce
EDR144786,scis
EDR144786,da
EDR144786,mei
EDR144786,ut
EDR144786,veniam
EDR144786,flos
EDR144786,veniam
EDR144786,mihi
EDR144786,Veneris
EDR160333,vidisti
EDR160333,Vidistiquo
EDR160333,quo
EDR160333,equo
EDR160333,Turnus
EDR149403,Poppai
EDR151883,Cum
EDR159681,Conticuere
EDR149292,cum
EDR149292,Prima
EDR149292,modo
EDR149292,Spartitundiolo
EDR150370,Fronto
EDR150370,lingit
EDR150370,Plani
EDR077698,binet
EDR077698,Floronius
EDR077698,miles
EDR077698,ac
EDR077698,legionis
EDR077698,fuit
EDR077698,hic
EDR077698,mulieres
EDR077698,neque
EDR077698,nisi
EDR077698,scierunt
EDR077698,et
EDR077698,paucae
EDR077698,ses
EDR175165,Caius
EDR160313,age
EDR160313,Vade
EDR160313,vocas
EDR160313,nate
EDR160313,Zephyros
EDR167398,Lucius
EDR167732,Liberalis
EDR151049,Fortunata
EDR167867,cum
EDR167867,Primigenia
EDR167867,Prima
EDR168288,Pondo
EDR167869,cum
EDR167869,Liberalis
EDR167873,Dorcas
EDR144785,sibi
EDR144785,nil
EDR144785,aiunt
EDR144785,habere
EDR144785,totumque
EDR144785,Eumam
EDR144785,quid
EDR144785,locare
EDR144785,plus
EDR144785,tum
EDR144785,condere
EDR144785,adeo
EDR144785,uti
EDR151041,et
EDR151041,Ver
EDR168285,Tiburtius
EDR151779,Amantes
EDR168287,Hic
EDR168167,ʾnʿm
EDR168167,l
EDR168167,bn
EDR152017,moritur
EDR152017,Africanus
EDR152017,scribit
EDR152017,Rusticus
EDR152017,puer
EDR152017,condiscens
EDR152017,dolet
EDR152017,cui
EDR152017,pro
EDR162634,δὸς πυγίσαι
EDR162634,Dos
EDR168292,ave
EDR168292,Amicus
EDR168293,cum
EDR168293,Genialis
EDR167884,Felicio
EDR167884,debes
EDR151684,Caselicius
EDR151684,Publius
EDR128558,Marcus
EDR128558,et
EDR128558,Felix
EDR128558,ego
EDR128558,Fortunatus
EDR128558,tu
EDR128558,et
EDR147923,hic
EDR147923,Antiochus
EDR147923,cum
EDR147923,mansit
EDR147923,cythera
EDR147923,sua
EDR158840,o
EDR158840,Admiror
EDR158840,paries
EDR158840,non
EDR158840,te
EDR158840,ruinis
EDR158840,cecidisse
EDR158840,tot
EDR158840,qui
EDR158840,taedia
EDR158840,scriptorum
EDR167427,Marc
EDR167427,Pitamnus
EDR167536,Popidi
EDR167536,Auctus
EDR167536,ubique
EDR168001,assibus
EDR128737,Caius
EDR128737,Macer
EDR167821,Epaphrodite
EDR160160,Circe
EDR160160,carminibus
EDR160160,mutavit
EDR160160,socios
EDR160160,Ulixi
EDR151848,ΖΕΞΩ
EDR151848,ΝΥΗΠΛΗ
EDR167819,qui
EDR167819,esse
EDR167819,cur
EDR167836,ΜIIΡΟΑΒ
EDR167837,maledixi
EDR167837,paganis
EDR167837,te
EDR124993,Quartilla
EDR167955,Pierus
EDR167955,Papiri
EDR175793,ἔλαβες
EDR175793,παρέχρησας
EDR175793,ἀπήνεγκες
EDR180222,Kalendas
EDR180222,Februarias
EDR180222,Omnes
EDR168156,l
EDR175932,si
EDR175932,Moram
EDR175932,sparge
EDR175932,quaeres
EDR175932,milium
EDR175932,et
EDR168634,nana
EDR168634,Natali
EDR168634,Natalis
EDR168634,Natalis
EDR168634,cinaedus
EDR168634,Nata
EDR168634,est
EDR168148,l
EDR176978,qui
EDR168486,est
EDR168486,locus
EDR167407,Anthus
EDR167407,ἄπαις
EDR175857,Ἑκάτη
EDR175857,Λατογένεια
EDR148678,Numeri
EDR148687,hic
EDR148687,Celesius
EDR178611,ἧς
EDR178611,Φιλῶ
EDR178611,ἀριθμός
EDR175967,τοῦ
EDR175967,Ὁ
EDR175967,παῖϲ
EDR175967,Διὸϲ
EDR175967,καλλίνικοϲ
EDR175967,Ἡρακλῆϲ
EDR175967,μηδὲν
EDR175967,κατοικεῖ
EDR175967,εἰσίτω
EDR175967,κακόν
EDR151724,Eros
EDR128564,ut
EDR128564,bono
EDR128617,Atimetus
EDR128617,Marcius
EDR148788,contra
EDR148788,in
EDR161821,Venus
EDR163697,Paris
EDR163696,Mebi
EDR167052,Caius
EDR163889,Marcus
EDR168905,Numerium
EDR149289,Hortensi
EDR149289,Quinti
EDR168356,Feliculae
EDR168648,caupo
EDR168648,Vesbine
EDR167860,pedico
EDR168906,Marcum
EDR168139,Paris
EDR168760,Mars
EDR168760,Accipe
EDR168760,vecors
EDR173491,Mnester
EDR151965,duovir
EDR175790,Mateius
EDR175790,Caius
EDR180340,Paris
EDR180227,signum
EDR124994,Cypare
EDR168637,Mo
EDR148652,Decimius
EDR148652,Sextus
EDR148652,miles
EDR148652,Rufus
EDR148652,cohortis
EDR148652,centuria
EDR148652,praetorianae
EDR124998,salutem
EDR074234,velim
EDR074234,Gemma
EDR074234,fieri hora
EDR148433,pedicare
EDR148672,in
EDR148672,Vasa
EDR148672,camella
EDR081356,signum
EDR081356,Laurentis
EDR163891,Pelias
EDR163896,Clleri
EDR124992,vale
EDR127973,Siccia
EDR149044,Paridi
EDR128755,Spes
EDR149052,sis
EDR149052,Stano
EDR149052,gemma
EDR149206,et
EDR149206,Balbus
EDR149206,duo
EDR149206,Fortunata
EDR149332,Lucciae
EDR148829,Hic
EDR148829,pugnabit
EDR148829,venatio
EDR148829,Kalendis
EDR148829,Septembris
EDR148829,Felix
EDR148829,et
EDR148829,ursos
EDR148829,ad
EDR148829,pugnabit
EDR149047,Rhesus
EDR151057,centum
EDR151070,haec
EDR151070,Victor
EDR145433,hic
EDR145433,Facilis
EDR149291,cum
EDR149291,Scutularius
EDR149291,Africana
EDR149295,Euhodus
EDR149295,Pyramus
EDR151042,Myrtale
EDR149277,Prima
EDR149277,Pithia
EDR149277,Spartitundiolo
EDR149277,cum
EDR149277,modo
EDR150187,Manius
EDR149189,Dnavis
EDR149061,Linge
EDR149190,vale
EDR149190,Capella
EDR148685,Assibus
EDR148685,debes
EDR151707,tuis
EDR151707,Phosphorus
EDR146892,Mulam
EDR146892,futui
EDR146892,hic
EDR151799,Leontine
EDR163604,Vitalio
EDR163604,Curiosus
EDR149973,bonus
EDR149973,Phoebus
EDR149973,fututor
EDR150376,cum
EDR150376,Victor
EDR150376,hic
EDR150376,Attine
EDR168759,Homini
EDR161837,mortuus
EDR161837,posteru
EDR161837,postridie
EDR161837,Nonas
EDR161819,Trebium
EDR161819,Aulum
EDR161819,dignum
EDR161819,aedilem
EDR161819,rei
EDR166083,semis
EDR166097,semis
EDR073638,Δ
EDR073638,opera
EDR073638,rotas
EDR073638,arepo
EDR073638,tenet
EDR073638,sator
EDR163894,Quorumc
EDR175189,bellissimum
EDR167953,Omnibus
EDR168159,rubenses
EDR168354,ab
EDR168354,cigrotue
EDR168354,m
EDR168354,vole
EDR163599,cum
EDR163599,Daphnicus
EDR163599,Felicula
EDR163599,sua
EDR168635,kalendas
EDR167482,Quisquis
EDR168755,Euche
EDR168755,ipsa
EDR149046,Asses
EDR149046,scripula
EDR149046,divitias
EDR175772,Marcus
EDR175772,CERULEUS
EDR175728,Aprilis
EDR175728,Idibus
EDR175728,a
EDR175728,vas
EDR175728,quo
EDR175728,a
EDR175728,Phileros
EDR175777,Idus
EDR175777,Novembris
EDR180206,fortis
EDR180206,ubique
EDR180206,cum
EDR180206,hoc
EDR128545,hinc
EDR128545,hinc
EDR128545,pedibus
EDR128545,detractis
EDR180346,Kalendas
EDR180346,Eupor
EDR180346,Februarias
EDR180346,Omnes
EDR128559,Iulis
EDR128559,Idibus
EDR128559,positas
EDR128559,inaures
EDR128559,Faustillam
EDR128559,ad
EDR128559,denarium
EDR128559,pro
EDR128559,usuram
EDR128559,aeris
EDR128559,deduxit
EDR128559,ex
EDR128559,assem
EDR180212,Secundus
EDR180212,Secundus
EDR146088,hic
EDR146088,Scordopordonicus
EDR146088,futuit
EDR146088,bene
EDR146088,quem
EDR148520,Sollemnis
EDR146125,Phoebus
EDR146085,bene
EDR146085,Sollemnes
EDR149063,Pompeianis
EDR149063,Pacatus
EDR148684,Idus
EDR148684,Ianuarias
EDR148651,erit
EDR148651,siquis
EDR148651,variae
EDR147717,Neptunus
EDR149255,Mari
EDR149296,suo
EDR149296,Habito
EDR149296,salutem
EDR124979,Nicopolis
EDR145430,ego
EDR145430,Hic
EDR145430,multas
EDR145430,puellas
EDR149110,Victorie
EDR151064,cor
EDR151058,nonaginta
EDR149337,assibus
EDR149337,Spes
EDR146891,bellis
EDR146891,Restituta
EDR149114,futuit
EDR149114,Felix
EDR149282,Prima
EDR149282,Pithia
EDR149282,Spartitundiolo
EDR149282,cum
EDR149282,hac
EDR149338,lingis
EDR149338,Ianuari
EDR149338,mentulam
EDR149281,cum
EDR149281,Prima
EDR149281,suo
EDR149064,Iuli
EDR149064,lingis
EDR148682,Pomponius
EDR148682,Albanus
EDR148682,servus
EDR148682,Severi
EDR148683,Trofime
EDR149333,vale
EDR149333,Melisse
EDR151704,Rustio
EDR151704,Antonius
EDR180224,utres
EDR180224,Avete
EDR180224,quod
EDR180224,sumus
EDR180224,aere
EDR180224,estis
EDR180224,Quando
EDR180224,voluimus
EDR180224,aere
EDR180224,venistis
EDR151789,provocator
EDR151789,Mansuetus
EDR151789,Veneri
EDR151789,victor
EDR151789,palmam
EDR127406,Castalo
EDR166071,Ì
EDR163351,quadrans
EDR151780,Severus
EDR168753,Aphrodite
EDR168753,ipsa
EDR159564,me
EDR159564,Ursi
EDR167870,Dorcas
EDR175146,asses
EDR173786,Acti
EDR173786,Chloe
EDR173786,Castrensis
EDR127213,Romulus
EDR127213,Geganius
EDR127213,iuvenalium
EDR127213,aedilis
EDR175942,Sodales
EDR175860,quidam
EDR175860,Cum
EDR175860,pauper
EDR175731,Viabianus
EDR175878,Anicetus
EDR175878,Isthmus
EDR175878,scripsit
EDR168640,hic
EDR168640,Staphilus
EDR168640,cum
EDR168703,veni
EDR180217,condita
EDR180217,Oliva
EDR180217,Kalendas
EDR180546,hic
EDR180546,Aufidius
EDR180546,fuit
EDR180545,cave
EDR180545,Fur
EDR180551,Aulus
EDR127187,Caius
EDR168632,sum
EDR168632,Non
EDR168632,nocens
EDR168632,no
EDR124975,quos
EDR124975,amat
EDR127233,meae
EDR127233,Mille
EDR127233,Siculis
EDR127152,hic
EDR127152,Pacatus
EDR127152,suis
EDR127152,cum
EDR127152,mansit
EDR128662,Dos
EDR149159,amv
EDR148880,Evodius
EDR128293,Caius
EDR127808,Titus
EDR148022,Surrentinas
EDR148022,Surrentinas
EDR148436,sum
EDR148436,fututa
EDR149048,es
EDR149048,Lite
EDR149048,dupundi
EDR149048,aeris
EDR149048,Lite
EDR145429,Ias
EDR145429,Magno
EDR145429,cum
EDR150188,Quartio
EDR149187,Antonius
EDR149106,invicta
EDR149106,Victoria
EDR151061,cum
EDR151061,Caius
EDR124997,venientis
EDR124997,Salutem
EDR124997,venientis
EDR167672,Syrus
EDR146001,unguentarius
EDR146001,Phoebus
EDR146001,optime
EDR148653,Sutores
EDR148653,Casellius
EDR148653,quem
EDR151869,Augusto
EDR147140,Proculo
EDR147140,Sabinus
EDR149452,ego
EDR149452,hic
EDR149452,veni
EDR149452,cum
EDR149452,deinde
EDR149452,futui
EDR149452,redii
EDR149975,cum
EDR149975,Caius
EDR149975,Mysine
EDR149975,cum
EDR149975,etsi
EDR149975,qua
EDR175148,Lucanica
EDR180209,Paris
EDR151727,Quaestor
EDR161824,multa
EDR161824,Primigenia
EDR151726,Neronianus
EDR146189,pedicat
EDR146189,Apollonia
EDR146189,bene
EDR146189,Nonius
EDR146189,dat
EDR151710,tuis
EDR151710,Restituta
EDR161789,tu
EDR161789,Micciociocio
EDR161789,patri
EDR161789,tuo
EDR161789,confregisti
EDR161789,cacanti
EDR161789,Miccionis
EDR161789,peram
EDR161789,statum
EDR161789,considerate
EDR151781,et
EDR151781,Ibi
EDR151781,es
EDR151781,tu
EDR151803,Kalendas
EDR151803,tabulas
EDR151803,Februarias
EDR151803,in
EDR151803,positas
EDR151803,muscario
EDR163892,cubiculum
EDR163892,Rufini
EDR163602,Martialis
EDR163602,Ampliatus
EDR163602,Onesimus
EDR163602,Ianuarius
EDR168048,Cominiaes
EDR168048,Methe
EDR168048,amat
EDR168048,Atellana
EDR168048,corde
EDR168048,Chrestum
EDR168048,utreis
EDR168048,sit
EDR168048,utrisque
EDR168048,Pompeiana
EDR168048,Venus
EDR168048,et
EDR168048,propitia
EDR168048,concordes
EDR168048,semper
EDR168048,vivant
EDR167610,Caii
EDR175116,Victor
EDR168042,Felicula
EDR173485,iuvenis
EDR173485,vale
EDR173485,Mnester
EDR175851,Clodia
EDR175851,Communis
EDR175851,domina
EDR175851,sua
EDR168642,Claudi
EDR168642,Tiberii
EDR175883,formosus
EDR175883,Postima
EDR175883,issus
EDR147916,Restitutus
EDR128616,Lucumo
EDR128616,quis
EDR128734,assibus
EDR128734,panem
EDR128734,purmentarium
EDR128734,assibus
EDR128734,asse
EDR128734,oleum
EDR128734,assibus
EDR128734,asse
EDR128734,vinum
EDR128734,caseum
EDR128734,semis
EDR128734,semis
EDR128734,asse
EDR128734,assibus
EDR128734,vinum
EDR128734,semis
EDR128734,asse
EDR128734,Kalendas
EDR128734,accepi
EDR128734,vinum
EDR128734,asse
EDR128734,asse
EDR128734,porcinam
EDR128734,vinum
EDR128734,semis
EDR128734,asse
EDR128734,caseum
EDR128734,semis
EDR128734,asse
EDR128734,Lucius
EDR128734,semis
EDR128734,asse
EDR128734,vinum
EDR128734,carnem
EDR128734,semis
EDR128734,asse
EDR128734,asse
EDR128734,vinum
EDR128777,hic
EDR128777,Clodius
EDR128777,ubique
EDR128777,et
EDR168303,Sum
EDR168286,Liberalis
EDR168286,Liberalis
EDR168286,Liberalis
EDR167990,Lucidae
EDR167990,Lucilius
EDR167990,ubique
EDR146123,Kalendas
EDR146123,Hermeros
EDR146123,Iulias
EDR146123,Philetero
EDR146123,cum
EDR146123,Caphiso
EDR146123,et
EDR146123,hic
EDR151048,or
EDR151048,valeas
EDR151048,bene
EDR151048,bene
EDR151048,qui
EDR149252,Proculus
EDR149252,Marcellus
EDR146000,feliciter
EDR146000,Puteolanis
EDR146000,Nucherinis
EDR146000,omnibus
EDR146000,et
EDR146000,felicia
EDR146000,Pompeianis
EDR146000,uncum
EDR148434,vidimus
EDR146191,Feliculam
EDR146191,ego
EDR175238,Domino
EDR175238,Domino
EDR175238,Severo
EDR144787,si
EDR144787,Caesia
EDR144787,si
EDR144787,parvum
EDR144787,es
EDR144787,bibe
EDR144787,nec
EDR151716,Iulius
EDR128645,Marcus
EDR145428,Ilia
EDR145428,salve
EDR151725,Pleia
EDR151725,Eros
EDR151725,signa duo
EDR151725,Apeleis
EDR151725,gladiatoria
EDR151725,Familia
EDR151725,Faustini
EDR151725,Pomponi
EDR151047,Myrtis
EDR151047,fellas
EDR151047,bene
EDR167335,Acutius
EDR167335,Lucius
EDR127427,Menedemerumenus
EDR127427,Menedemerumenus
EDR127427,Menedemerumenus
EDR127427,Menedemerumenus
EDR127427,Menedemerumenus
EDR127427,Menedemerumenus
EDR143926,omnes
EDR143926,iamque
EDR143926,vicini
EDR143926,participantur
EDR143926,incendia
EDR143926,si
EDR143926,flammam
EDR143926,faciam
EDR143926,uti
EDR143926,tradere
EDR143927,ore
EDR143927,ea
EDR143927,aut
EDR143927,est
EDR143927,opus
EDR143927,eu
EDR144788,amare
EDR144788,solus
EDR144788,multa
EDR144788,sunt
EDR144788,opus
EDR144788,quod
EDR144788,nescire
EDR144788,dare
EDR149104,bene
EDR149104,Victor
EDR149104,futuit
EDR168480,comnis
EDR168480,Ti
EDR168480,olithus
EDR163698,Phyllis
EDR163698,fellat
EDR151842,Acti
EDR167974,cunnum
EDR167974,Vettius
EDR167974,lingit
EDR167372,CIΛ
EDR159687,Primigenius
EDR159687,Communi
EDR159687,Mystes
EDR159687,salute
EDR159687,suo
EDR159687,quo
EDR159687,vidisti
EDR159687,aequoribus
EDR159687,Turnum
EDR159687,ibat
EDR159687,armis
EDR159687,in
EDR159687,merces
EDR159687,virtutis
EDR159687,pretium
EDR159687,palmam
EDR159687,victoriae
EDR159687,gloriae
EDR159687,spem
EDR149325,caelator
EDR149325,Priscus
EDR149325,gemmario
EDR149325,Campano
EDR149325,feliciter
EDR175927,vale
EDR175927,Acti
EDR175727,Eat
EDR167540,Ser
EDR167540,Ammonium
EDR167540,Vale
EDR167540,Vetio
EDR167540,Iulium
EDR167540,Lucium
EDR167540,Plotium
EDR167540,Sex
EDR166496,Clavos
EDR149974,cum
EDR149974,Hyginus
EDR149974,Messio
EDR163694,Nolanus
EDR163694,Corinthus
EDR167987,Sittius
EDR167987,Publius
EDR167879,Assibus
EDR175190,Glagus
EDR168347,Auctus
EDR168347,Auctus
EDR072663,cano non
EDR072663,Fullones ululamque
EDR072663,arma
EDR151068,Myrtis
EDR151068,fellatrix
EDR150506,hic
EDR150506,Placidus
EDR150506,quem
EDR150506,futuit
EDR150368,Annius
EDR150368,Lucius
EDR167048,Caius
EDR168484,dequi
EDR168057,et
EDR168039,Kalendas
EDR168039,hic
EDR168039,Martis
EDR167662,Fadius
EDR167662,Nasso
EDR175961,
EDR167685,Marci
EDR167685,Ratio
EDR167685,pridie
EDR167685,Ugoni
EDR167428,ego
EDR167428,Sexvir
EDR167428,Pompeiis
EDR167428,quos
EDR175508,Petronius
EDR175508,Quintus
EDR175508,Octavus
EDR175508,missus
EDR175508,Severus
EDR175508,libertus
EDR175508,vicit
EDR159690,es
EDR159690,quisquis
EDR159690,hinc
EDR159690,amissos
EDR159690,obliviscere
EDR159690,iam
EDR159690,Scribit
EDR159690,Graios
EDR159690,Narcissus
EDR175215,procu
EDR175215,cauliculum
EDR175215,betam
EDR175215,sinapi
EDR175215,sale
EDR175946,semis
EDR148830,Taurus
EDR148830,non
EDR151063,Faustillam
EDR151063,Synethus
EDR151063,ubique
EDR151063,futuit
EDR168059,shb
EDR168059,l
EDR168059,hʾys¹
EDR168059,w
EDR168059,nn
EDR168059,ny
EDR161823,scripsi
EDR161823,Poppaeae
EDR161823,Venerem
EDR167646,ΘH
EDR167646,ΙΖ
EDR151717,tuis
EDR151717,Restituta
EDR175854,μο
EDR175854,Φηλεικίων
EDR175854,αϲ
EDR175854,α
EDR165178,ἐμνήσθη
EDR165178,Ἀμέριμνος
EDR165178,τῆς
EDR165178,ἁρμονίας
EDR165178,κυρίας
EDR165178,εἰδίας
EDR165178,ἀγαθῷ
EDR165178,επ᾿
EDR165178,ὁ
EDR165178,ἡς
EDR165178,ΑΛΕ
EDR165178,ἀριθμός
EDR165178,καλοῦ
EDR165178,τοῦ
EDR175755,Mario
EDR148673,nonas
EDR148673,Calchimi
EDR148673,Augusti
EDR148673,eterate
EDR148673,oc
EDR127790,Clappo
EDR127790,Nauplius
EDR127823,Sautrane
EDR167998,Arruntius
EDR167504,Mus
EDR167718,diem
EDR167718,ante
EDR167718,Kalendas
EDR167718,Geryones
EDR167718,Decembres
EDR167718,aeris
EDR167718,trimembres
EDR167718,comperendinaverunt
EDR167718,senos
EDR173490,Mnester
EDR167871,Prima
EDR175769,Ho
EDR175769,Hormus
EDR127575,Caius
EDR127971,Acanthus
EDR128292,Lacenae
EDR128292,Apsyrtus
EDR128762,Callistus
EDR128762,lusit
EDR128762,hic
EDR149060,amat
EDR149060,Unus
EDR149060,Salutem
EDR149060,unam
EDR147138,Callidrome
EDR146889,Scepsidi
EDR146889,Marcus
EDR146889,ubique
EDR168365,puella
EDR150499,valeas
EDR150499,Victor
EDR150499,bene
EDR150499,qui
EDR150499,futuis
EDR149343,Phosphorus
EDR149343,hic
EDR150505,fellas
EDR150505,Fortuna
EDR073314,est
EDR073314,Theorus
EDR073314,Holconi
EDR073314,tamen
EDR073314,nec
EDR073314,Mazgaba
EDR073314,Holconi
EDR073314,est
EDR073314,tamen
EDR073314,nec
EDR149113,Magno
EDR149113,Ìas
EDR151702,Vernionis
EDR151702,Verna
EDR151702,Secundus
EDR161836,mortuus
EDR161836,Θ
EDR161836,postridie Nonas
EDR161836,Nonas
EDR149453,hic
EDR149453,Bellicus
EDR149453,quendam
EDR149453,futuit
EDR149453,luculentissime
EDR167049,Faustus
EDR148432,victoria
EDR148432,victrix
EDR168296,Luci
EDR174880,Vitalio
EDR174880,Vit
EDR174880,est
EDR175791,cinaedus
EDR175791,Albanus
EDR163595,Titius
EDR163595,Diogenes
EDR163595,tuque
EDR128733,assem
EDR128733,Albanus
EDR128733,Albanus
EDR128733,assem
EDR128733,assem
EDR128733,Albanus
EDR128733,Albanus
EDR128733,asses
EDR128733,asses
EDR128733,Agathemerus
EDR128733,Agathemerus
EDR128733,assem
EDR149490,Postumio
EDR149490,Quinto
EDR149490,feliciter
EDR149490,Modesto
EDR149323,Fabiis
EDR149323,Duobus
EDR175589,textor
EDR175589,Successus
EDR175589,coponiaes
EDR175589,amat
EDR175589,nomine
EDR175589,ancillam
EDR175589,Iridem
EDR175589,quidem
EDR175589,quae
EDR175589,non
EDR175589,illum
EDR175589,curat
EDR175589,ille
EDR175589,sed
EDR175589,illa
EDR175589,rogat
EDR175589,commiseretur
EDR175589,rivalis
EDR175589,scribit
EDR175589,Invidiose
EDR175589,vale
EDR175589,rumperis
EDR175589,quia
EDR175589,formonsiorem
EDR175589,noli
EDR175589,qui
EDR175589,et
EDR175589,homo
EDR175589,est
EDR175589,pravissimus
EDR175589,et
EDR128098,Modestus
EDR128098,Modestus
EDR128098,Musae
EDR128098,Modestus
EDR151415,huc
EDR151415,Venimus
EDR151415,multo
EDR151415,cupidi
EDR151415,ire
EDR151415,magis
EDR151415,ut
EDR151415,nostros
EDR151415,liceat
EDR151415,Roma
EDR151415,visere
EDR128114,Ocea
EDR168754,Euche
EDR168754,ipsa
EDR168358,Magonius
EDR168358,Marcus
EDR167875,Ro
EDR168756,Euche
EDR168756,Cerialis
EDR180220,nolo
EDR180220,Dea
EDR180220,vendere
EDR180220,cenam
EDR180220,chirographum
EDR175732,Anteros
EDR128048,Lucidae
EDR128048,Lucilius
EDR128048,ubique
EDR128048,suae
EDR151053,asses
EDR151053,fuat
EDR128660,Dos
EDR167399,Antonius
EDR167399,Quintus
EDR146651,Feliculam
EDR146651,hic
EDR146651,ego
EDR163402,verna
EDR163402,Successa
EDR163402,assibus
EDR163402,moribus
EDR163402,bellis
EDR167051,rogo
EDR151791,de
EDR151791,Sabinus
EDR166493,Hic
EDR166493,Tertiani
EDR166493,habitaverunt
EDR166493,ita
EDR166493,Rufa
EDR166493,quare
EDR166493,vale
EDR166493,fellas
EDR166493,bene
EDR168305,Paris
EDR159688,dea
EDR159688,Tu
EDR159688,presenos
EDR159688,tu
EDR159688,praesens
EDR159688,nostros
EDR159688,labori
EDR159688,succurre
EDR175758,Rhenus
EDR175758,Rhenus
EDR167545,bellissimus
EDR167915,Postumius
EDR167915,Lucius
EDR167915,Luci
EDR167872,cum
EDR167872,Dorcas
EDR167872,Sollemne
EDR167885,Verus
EDR167885,Felicio
EDR127816,Mystice
EDR150010,rationem
EDR150010,cum
EDR150010,mi
EDR150010,Batacare
EDR150010,ponis
EDR150010,pedicavero
EDR150010,te
EDR127812,Lucius
EDR128118,Chloe
EDR127817,Chl
EDR127817,oe
EDR159678,Conticuere
EDR160078,qui
EDR160078,Amat
EDR160078,scribit
EDR160078,qui
EDR160078,Pedicatur
EDR160078,legit
EDR160078,opscultat
EDR160078,Qui
EDR160078,pathicus
EDR160078,prurit
EDR160078,qui
EDR160078,est
EDR160078,Ursi
EDR160078,praeterit
EDR160078,comedant
EDR160078,me
EDR160078,ego
EDR160078,et
EDR160078,qui
EDR160078,verpa
EDR147519,Gaius
EDR147519,Statio
EDR147519,Sabinius
EDR147519,plurimam
EDR147519,salutem
EDR147519,Pompeis
EDR147519,Viator
EDR147519,panem
EDR147519,Nuceriae
EDR147519,gustas
EDR147519,bibes
EDR125001,conticuere
EDR127824,Sautrane
EDR127972,mulieri
EDR127972,venivit
EDR127972,Lucreti
EDR127972,Decimi
EDR127972,Valentis
EDR127972,eques
EDR127972,Saga
EDR127972,thraex
EDR127972,murmillo
EDR143925,pervigilans
EDR143925,Noctibus
EDR143925,ego
EDR143925,totis
EDR143925,amorem
EDR143925,propter
EDR143925,si
EDR143925,divam
EDR143925,detur
EDR143925,videre
EDR143925,posse
EDR143925,conglacio
EDR143925,meam
EDR143925,sideribus
EDR143925,sub
EDR143925,pectus
EDR143925,sed
EDR143925,aestost
EDR143925,in
EDR143925,huc
EDR167507,Idus
EDR167507,Quintus
EDR167507,Septembres
EDR167507,rogavit
EDR167507,Postumius
EDR167507,Attium
EDR167507,Aulum
EDR167507,pedicarem
EDR167115,Alleius
EDR167115,Caius
EDR167115,Astragalus
EDR167115,fuit
EDR167115,curator
EDR167115,Nonis
EDR167115,usque
EDR167115,Decembres
EDR167115,ad
EDR167115,Decembres
EDR167115,Eidus
EDR167115,Agrippa
EDR167115,Marco
EDR167115,Statilio
EDR167115,Tito
EDR167115,Consulibus
EDR167115,Caii
EDR167115,Heleni
EDR167115,Iuli
EDR167115,Caii
EDR167115,turma
EDR167115,Iuli
EDR168160,Kalendas
EDR168160,Primus
EDR168160,Felix
EDR168160,Kalendas
EDR168160,Kalendas
EDR159671,omnes
EDR159671,Conticuere
EDR159671,Siqua
EDR159686,canticuere
EDR167681,Mandatus
EDR167681,Mandatus
EDR167681,munus
EDR168646,quisquis
EDR168646,valeat
EDR168646,amat
EDR168646,qui
EDR168646,pereat
EDR168646,amare
EDR168646,nescit
EDR168646,tanto
EDR168646,bis
EDR168646,quisquis
EDR168646,pereat
EDR168646,amare
EDR167392,Acutius
EDR167392,Lucius
EDR167392,filii
EDR167392,Lucii
EDR167392,Rufus
EDR167392,Voltinia
EDR161769,Tertiani
EDR161769,habitarunt
EDR161769,hic
EDR161769,verpa
EDR161911,Aquis
EDR161911,Marcus
EDR167820,pedico
EDR173499,Castrensis
EDR173499,Acti
EDR173499,vale
EDR168020,quinque centum
EDR168020,Postumi
EDR178610,Fures
EDR163530,quod
EDR163530,Musicus
EDR163530,optat
EDR163530,bibere
EDR168161,Kalendas
EDR168161,Primus
EDR168161,Ianuarias
EDR168161,Felix
EDR168161,Germanus
EDR168161,Kalendas
EDR168161,Kalendas
EDR168161,Felix
EDR168161,Felix
EDR168161,Kalendas
EDR168161,Kalendas
EDR168161,Germanus
EDR168161,Kalendas
EDR175872,in
EDR175872,Miximus
EDR175872,Fateor
EDR175872,lecto
EDR175872,hospes
EDR175872,peccavimus
EDR175872,dices
EDR175872,Si
EDR175872,Nulla
EDR175872,quare
EDR175872,matella
EDR167909,Severus
EDR167909,Iulius
EDR167909,Severus
EDR167909,Severus
EDR175606,amat
EDR175606,Quisquis
EDR175606,Veneri
EDR175606,veniat
EDR175606,frangere
EDR175606,volo
EDR175606,fustibus
EDR175606,costas
EDR175606,lumbos
EDR175606,et
EDR175606,deae
EDR175606,debilitare
EDR175606,potest
EDR175606,Si
EDR175606,mihi
EDR175606,illa
EDR175606,pertundere
EDR175606,tenerum
EDR175606,pectus
EDR175606,non
EDR175606,ego
EDR175606,caput
EDR175606,possim
EDR175606,illi
EDR175606,frangere
EDR175929,mihi
EDR175929,Multa
EDR175929,cum
EDR175929,curae
EDR175929,has
EDR175929,artus
EDR175929,mancinas
EDR175929,ego
EDR175929,refusa
EDR175929,stagna
EDR151953,ipse
EDR151953,Paris
EDR146893,Μολα
EDR168178,l
EDR168178,bn
